AbsoluteIrradiance:245,
180,0
180,0
180,0
181,0
181,0
181,0
181,0
182,0
182,0
182,0
182,0
182,0
183,0
183,0
183,0
183,0
184,0
184,0
184,0
184,0
184,0
185,0
185,0
185,0
185,0
185,0
186,0
186,0
186,0
186,0
187,0
187,0
187,0
187,0
187,0
188,0
188,0
188,0
188,0
189,0
189,0
189,0
189,0
189,0
190,0
190,0
190,0
190,0
190,0
191,0
191,0
191,0
191,0
192,0
192,0
192,0
192,0
192,0
193,0
193,0
193,0
193,0
193,0
194,0
194,0
194,0
194,0
195,0
195,0
195,0
195,0
195,0
196,0
196,0
196,0
196,0
197,0
197,0
197,0
197,0
197,0
198,0
198,0
198,0
198,0
198,0
199,0
199,0
199,0
199,0
200,0
200,0
200,0
200,7.72127321
200,83.75331927
201,51.91916057
201,114.0088531
201,68.80929351
201,-32.00156864
201,95.43727921
202,73.93690404
202,18.59666504
202,51.91305588
202,-17.14661655
203,-32.22632111
203,-52.42203824
203,84.86232856
203,43.8314324
203,41.15644909
204,-0.81263258
204,23.7677058
204,41.13653931
204,-36.12621453
205,21.50274513
205,27.91302078
205,20.6154466
205,54.77640911
205,-18.22371365
206,37.78240548
206,-29.06058758
206,15.51319566
206,53.13998753
206,-14.4594573
207,78.24503776
207,-13.98995835
207,44.88401246
207,-5.60685163
208,-10.3221201
208,6.64128313
208,29.86665313
208,2.96869766
208,-1.58304388
209,-1.56126457
209,12.43685213
209,-32.00943635
209,22.09864416
209,11.71493749
210,-29.02002811
210,68.5978112
210,37.85509775
210,22.23313283
211,-26.88571035
211,-29.21808493
211,4.03399829
211,5.69781503
211,-4.60784602
212,24.64513015
212,36.17234106
212,-16.29067862
212,34.04947445
213,32.73153604
213,-30.37778353
213,-15.94525623
213,-30.18659486
213,-21.03263131
214,-30.43001763
214,10.00515527
214,28.60950558
214,-6.88361453
214,25.09045938
215,4.20870226
215,8.55164164
215,18.9735329
215,-0.25226072
216,15.16918788
216,-4.34186818
216,-24.49319362
216,52.65453676
216,-10.86839737
217,-0.22954119
217,11.14661954
217,-0.22153604
217,38.38105454
217,-9.4074002
218,15.47552531
218,15.78548294
218,-17.38286325
218,6.53346706
219,35.00716332
219,10.11516725
219,16.90262448
219,-1.1022942
219,0.71105624
220,7.7880525
220,8.56078438
220,6.27201059
220,9.1864643
220,0.66290334
221,3.13451614
221,10.8217054
221,4.64151211
221,10.93328313
222,-11.8703616
222,11.00647265
222,-1.6724854
222,4.70720372
222,-6.43292634
223,-4.51337918
223,13.16625491
223,1.62990793
223,-5.74417944
223,4.34877458
224,-1.83461325
224,1.86353499
224,9.78550618
224,17.78599999
225,-5.2612176
225,-14.33605131
225,4.21817843
225,-9.90305833
225,4.38809646
226,-5.16740519
226,1.05330972
226,0.46030025
226,9.91602033
227,-9.99925597
227,1.55970515
227,3.47738322
227,-13.7177153
227,-4.94730313
228,-0.64298207
228,-19.00222167
228,-3.73249892
228,17.70045074
228,-6.12172206
229,-7.05293639
229,-13.54072808
229,-3.47202851
229,-6.74875404
230,-6.90363103
230,-10.0622387
230,6.75406459
230,1.71023457
230,3.69482145
231,-0.53214227
231,-0.74407902
231,-4.81120437
231,14.13721106
231,-1.34821586
232,-1.3319839
232,-6.04919696
232,0.32175899
232,2.52640491
233,1.50671541
233,3.44795925
233,-2.02139937
233,12.56865682
233,10.5341651
234,0.85939743
234,-1.56000958
234,-0.44333641
234,2.46893807
234,8.74165399
235,12.75477184
235,1.86614275
235,4.11887267
235,3.03378745
236,0.09966776
236,12.26922577
236,9.12625065
236,-7.20872817
236,0.260463
237,6.42857729
237,0.25507436
237,7.43670108
237,9.2593659
237,0.24806183
238,-1.15037453
238,2.39447739
238,6.63624878
238,4.31496182
239,3.52220348
239,5.27028351
239,-3.73638618
239,-6.02726034
239,2.82523215
240,2.37151917
240,8.0219517
240,3.31454469
240,-2.28532588
240,1.18328556
241,6.63253152
241,2.64760831
241,1.95319917
241,5.64946733
242,-3.07486052
242,3.19771128
242,2.39698082
242,-2.86475664
242,3.24435619
243,-4.71054111
243,-3.54766242
243,1.18615946
243,4.61610797
243,-1.760056
244,7.94458294
244,5.3704332
244,0.18903243
244,-0.04936391
245,0.18611331
245,4.39209634
245,4.47066661
245,2.71492551
245,-1.76220885
246,-3.45339476
246,0.85363577
246,-4.07443805
246,-3.48551867
246,0.61565855
247,6.29843876
247,2.23388649
247,-1.44124763
247,4.01203818
248,-0.04422026
248,3.11466709
248,-4.96145017
248,0.37235157
248,7.58845727
249,-1.78290246
249,-0.65189848
249,7.63137578
249,-0.14263245
249,0.15856306
250,2.04970278
250,2.33115382
250,-0.92748454
250,-2.68091301
251,4.03612708
251,-2.06810697
251,2.16805846
251,-0.42120438
251,-4.2095338
252,2.58696264
252,3.4082442
252,3.84121821
252,4.27082879
252,-1.03745952
253,-2.11286429
253,0.14220549
253,3.35376657
253,1.02587363
254,3.83654318
254,-0.3857212
254,5.00117303
254,-2.62874178
254,3.48909426
255,-4.0668024
255,5.17183765
255,1.66368436
255,4.34576789
255,1.63759619
256,0.13181768
256,1.95151891
256,0.70529196
256,4.12739649
257,-0.27668708
257,0.28883875
257,0.84575612
257,0.76176727
257,3.21083562
258,2.72383024
258,0.04568459
258,-1.66754749
258,-3.44237912
258,-1.57773198
259,0.89085225
259,3.34161926
259,2.63250861
259,1.55898213
259,2.30364101
260,0.04372481
260,2.13365556
260,3.01488185
260,0.85684482
261,4.23657299
261,3.55120527
261,-2.57982837
261,1.05682556
261,1.05237679
262,0.40095539
262,4.04763434
262,0.75420602
262,1.67210682
262,2.58542176
263,4.47109516
263,-0.23900886
263,1.85413229
263,-0.51469112
264,-1.27257279
264,1.14131543
264,-0.37168102
264,3.45619144
264,0.92224977
265,0.78488045
265,4.55685637
265,1.24831346
265,2.31477324
265,1.16966378
266,2.02532035
266,-1.01680153
266,2.46792327
266,-0.74558165
267,2.56885922
267,0.87659818
267,-0.28348844
267,-0.53805712
267,3.08700153
268,5.34795719
268,-0.27848247
268,-1.34255659
268,-1.0855323
268,4.1907269
269,2.68796214
269,0.28165976
269,3.34380987
269,0.88911167
270,1.73172264
270,1.00060205
270,2.55912107
270,-0.02490197
270,0.33240347
271,0.92308404
271,2.92291223
271,0.68060777
271,2.4889642
271,-0.83716788
272,-3.20387482
272,-1.51957878
272,2.32363349
272,0.48828369
272,1.90104705
273,1.55166065
273,1.54312138
273,0.31117766
273,2.69031727
274,1.84868527
274,1.1288998
274,2.20876085
274,1.93064428
274,2.45763256
275,0.08502578
275,1.2042147
275,0.88052967
275,-0.18043682
275,1.23965779
276,0.39691934
276,0.65552327
276,0.49763467
276,-2.55416463
277,0.23522296
277,0.74492822
277,-0.83468841
277,1.49849119
277,1.54570446
278,0.73398017
278,2.48229169
278,0.92504781
278,0.57373524
278,0.0286959
279,1.15455528
279,0.95609703
279,0.90235929
279,0.22130713
279,0.89221061
280,3.36168654
280,0.02766794
280,0.49935088
280,0.68533005
281,-0.95644498
281,1.84426497
281,-1.6427895
281,0.16489498
281,1.03319392
282,0.48086623
282,1.83576296
282,1.42078223
282,0.65293049
282,1.13884721
283,0.60226352
283,-1.12210719
283,1.34310702
283,1.16144046
284,1.11380402
284,0.93603109
284,-2.21718905
284,-0.66105134
284,2.03108973
285,0.40701042
285,2.26672716
285,0.31888356
285,1.53301743
285,0.94268092
286,2.48261533
286,1.39236503
286,0.93279123
286,2.20475687
287,1.33527016
287,1.24898592
287,-0.50531732
287,2.04958156
287,1.43589653
288,0.5444961
288,0.34262616
288,-0.05610796
288,1.28595741
288,1.74991902
289,1.93952104
289,0.41228061
289,2.15431985
289,1.87289644
289,1.55632007
290,0.21307553
290,-0.28157926
290,-0.8096089
290,0.66231301
291,0.02191096
291,0.80854115
291,0.28272196
291,1.20878496
291,0.2064012
292,1.16217976
292,-0.30830678
292,1.69714757
292,-1.75642856
292,1.35627954
293,0.66613296
293,-0.12167333
293,-0.08549073
293,-0.96629131
293,-0.36550587
294,-0.46931345
294,0.50715286
294,-0.22229954
294,0.26167534
295,-1.45533955
295,0.87702223
295,0.46452525
295,0.32634491
295,0.08770803
296,0.9321395
296,0.05324644
296,0.18648121
296,-0.34694602
296,0.88176572
297,3.25909402
297,-2.06102112
297,0.64275505
297,2.47548388
298,-0.11150665
298,0.70177705
298,-0.40266165
298,-0.69270103
298,1.11450852
299,1.71964302
299,-0.97254329
299,0.14600681
299,0.46264478
299,0.80939446
300,0.61753306
300,2.06420824
300,-0.98721225
300,1.49335258
300,0.42565828
301,-0.16950286
301,0.48751625
301,1.83025675
301,0.33000735
302,0.42323562
302,0.57785645
302,-0.04402501
302,1.19562215
302,0.85276691
303,1.40725913
303,1.71139234
303,-0.47336185
303,-1.6058682
303,-0.41002561
304,-0.25684019
304,2.08980637
304,0.41325731
304,1.83603965
304,-0.64762821
305,-0.94708865
305,0.04754035
305,0.76680446
305,0.04748046
306,2.21163099
306,-0.40285308
306,0.22758725
306,1.0655962
306,2.13622384
307,0.81932617
307,1.02379107
307,1.19763533
307,-1.04212176
307,2.36527869
308,0.54351122
308,0.22048794
308,0.82959715
308,1.92856108
308,1.17269041
309,2.03658661
309,0.07459551
309,0.27636145
309,0.70797093
310,0.13186501
310,-0.50073408
310,0.7636532
310,0.96429142
310,0.53254102
311,0.67525342
311,0.55989731
311,-0.26898454
311,0.72969734
311,0.18767398
312,-0.78151988
312,1.04173109
312,1.12827063
312,0.61529314
312,-0.04044499
313,0.7876544
313,0.73054913
313,1.21704146
313,2.16298073
314,1.76374183
314,1.56295719
314,1.07597216
314,0.90303306
314,1.15632841
315,0.72699925
315,1.14730831
315,0.32614677
315,0.69039942
315,0.99535508
316,1.21509355
316,0.21095453
316,0.51495107
316,0.37423384
316,0.56404002
317,-0.20202184
317,0.17816974
317,2.64188556
317,0.3666165
318,0.14991302
318,1.22046418
318,2.28004782
318,1.5264005
318,1.46742538
319,0.30475556
319,-0.53472513
319,1.03182004
319,-0.06281979
319,1.9212781
320,1.76318805
320,0.98886947
320,0.320982
320,0.650459
320,0.37039743
321,-0.4415701
321,0.59572925
321,0.97308742
321,-1.57341502
322,0.91975578
322,1.57171361
322,1.16715561
322,2.22959419
322,0.74537813
323,0.54436911
323,0.44275098
323,0.59373031
323,0.69477767
323,0.79383676
324,0.64157823
324,0.8913455
324,0.51514444
324,0.76457388
324,0.46132395
325,1.42494811
325,1.10096366
325,1.46852456
325,0.03885853
326,0.77484904
326,-0.84382023
326,1.19153811
326,0.25923323
326,0.08757896
327,1.28193292
327,0.72019293
327,1.08744077
327,-0.81368231
327,1.90862267
328,0.86556948
328,1.05877007
328,1.25276626
328,0.66941329
328,1.39754037
329,0.8380267
329,1.17750393
329,1.22798251
329,2.28628252
330,0.95750979
330,0.15930667
330,0.52155925
330,0.7382781
330,1.72589694
331,1.50695384
331,1.74484838
331,2.0088024
331,0.56535022
331,0.34852229
332,0.87496506
332,0.99175941
332,1.1102265
332,2.63421361
332,1.72762585
333,0.63214555
333,1.46363757
333,2.46185447
333,2.43217151
333,3.85750199
334,1.81193684
334,1.50075813
334,2.88973072
334,0.69475787
335,1.09081375
335,1.60171814
335,1.64342598
335,0.99008724
335,1.79829572
336,1.61053354
336,2.08660127
336,2.38305477
336,3.13988756
336,2.656321
337,2.01143275
337,1.5998395
337,1.89540869
337,1.55080033
337,1.98103506
338,1.84094442
338,0.90405962
338,-0.30615781
338,1.38126184
339,3.06620834
339,1.7623323
339,2.01000876
339,2.04996115
339,1.75143399
340,2.48923353
340,2.69054622
340,1.76413589
340,1.85382183
340,2.05425811
341,2.23221094
341,2.33668089
341,2.51278263
341,2.2645365
341,1.75030239
342,2.95402758
342,2.44161816
342,2.23571905
342,2.30084573
342,3.3958442
343,3.65647226
343,1.97644045
343,3.32381338
343,4.28969518
344,2.98385684
344,3.37314317
344,2.83633626
344,2.96294754
344,1.97561827
345,2.70849328
345,3.07219006
345,4.54006694
345,4.64586947
345,4.4469141
346,4.42730891
346,5.70320109
346,5.31132818
346,4.84099666
346,5.66908903
347,6.05438776
347,5.50977119
347,5.8400029
347,5.28990315
347,7.95254245
348,7.92229726
348,7.63611394
348,7.65012676
348,8.29546363
349,8.40296369
349,8.72899781
349,9.33481765
349,10.12270103
349,11.82826914
350,12.88856448
350,14.03329909
350,14.64699022
350,14.27706353
350,15.19399704
351,16.52840635
351,17.10716185
351,17.38674785
351,19.60643996
351,21.44644155
352,23.340418
352,24.33251227
352,25.63148654
352,26.72396975
352,28.15195222
353,30.29117476
353,33.10972148
353,35.1270018
353,37.65070083
354,37.94944721
354,40.55383934
354,44.22033194
354,44.90561565
354,49.35151554
355,53.22425381
355,54.74609259
355,58.10881109
355,62.51078621
355,66.5787542
356,71.57264498
356,75.24273109
356,79.4242084
356,81.7310344
356,89.50460269
357,92.71059204
357,99.53013743
357,104.3141036
357,111.9373435
357,116.8607712
358,120.0668293
358,128.3893346
358,132.7913192
358,141.2236131
359,143.4875065
359,152.4816395
359,159.6177721
359,168.1809362
359,174.4861404
360,181.1840274
360,190.7164343
360,194.5039847
360,206.5010698
360,218.9016115
361,225.5614089
361,239.7776325
361,247.0541941
361,259.7421596
361,266.6859973
362,282.5348978
362,288.1627436
362,300.362884
362,301.2249402
362,307.4168211
363,312.2205064
363,322.6664393
363,327.7152979
363,331.2320507
364,350.5949557
364,377.0900989
364,392.610713
364,419.9556852
364,420.234773
365,426.3779081
365,422.5227949
365,413.2821761
365,410.3908557
365,402.1554041
366,402.1384814
366,402.5659164
366,386.9343169
366,393.5354563
366,384.8335777
367,387.7965356
367,390.0922733
367,384.3706256
367,394.0087847
367,386.098085
368,391.3209273
368,383.963326
368,384.2832609
368,380.2082027
369,384.151951
369,376.9390878
369,382.9604345
369,381.1793861
369,377.8292604
370,373.9818487
370,378.2115111
370,370.8408797
370,370.8654355
370,365.4843856
371,358.074451
371,360.4787329
371,360.8624154
371,354.8055059
371,348.4903133
372,344.2139152
372,331.8738357
372,330.9430112
372,324.68441
372,321.4260893
373,317.6858422
373,310.3864582
373,306.3197125
373,296.8251413
373,291.6610888
374,285.2087076
374,279.2356739
374,278.5752421
374,268.6189152
375,261.0322664
375,255.4790522
375,248.1803712
375,243.4810127
375,238.4223347
376,237.2204822
376,232.7280919
376,224.5549401
376,225.1807874
376,213.9657088
377,208.338066
377,202.3728894
377,204.4908118
377,196.1923513
377,191.4645971
378,183.8688314
378,183.0367134
378,178.9572145
378,174.1234164
378,173.4939678
379,166.9366649
379,161.9841764
379,160.2497619
379,151.6096511
379,150.0192689
380,144.3787175
380,141.6155591
380,137.264369
380,133.857802
381,130.2356872
381,125.189424
381,125.0169133
381,120.8349444
381,116.551485
382,114.5938433
382,110.0525468
382,105.728302
382,105.1616644
382,102.2321451
383,99.97876622
383,96.76741665
383,93.39307826
383,91.48332685
383,88.61197428
384,84.45854328
384,82.44918711
384,78.22713493
384,77.53890756
384,76.33270654
385,74.03158927
385,69.51283265
385,67.53467192
385,66.37122874
385,63.93004095
386,63.4007065
386,59.46043528
386,58.4302319
386,56.52488844
386,56.71112213
387,53.14523133
387,51.49363213
387,49.18851842
387,48.34717668
388,47.50727474
388,44.35815481
388,43.58753802
388,42.10983225
388,40.98991411
389,39.96954512
389,37.83512053
389,36.698714
389,34.40265298
389,33.79738758
390,31.87821244
390,32.75216745
390,30.83571135
390,30.15044272
390,29.18888212
391,28.70231019
391,27.53760523
391,25.62680928
391,25.4095908
391,22.18049505
392,22.3855757
392,22.5241546
392,21.60420858
392,22.05843148
392,19.19905367
393,19.34130332
393,18.52526558
393,17.89352578
393,15.79886983
394,15.42112095
394,15.12331947
394,15.04754144
394,13.88867005
394,15.03819929
395,12.98207311
395,14.53831178
395,13.01037349
395,11.83595703
395,10.26952106
396,10.57399275
396,11.62189416
396,10.31227016
396,10.31503917
396,10.81862288
397,8.56166025
397,8.01526058
397,9.93156504
397,8.12449545
397,7.21578421
398,7.88702168
398,6.77958459
398,7.29752563
398,6.3827173
398,6.64182821
399,5.99212399
399,6.34904695
399,5.37228003
399,5.3125128
399,5.54798617
400,4.71320413
400,4.53076245
400,5.89007882
400,4.04881919
400,5.15616505
401,3.94940175
401,4.42363449
401,4.25995268
401,2.83704745
402,4.3400272
402,4.00199522
402,4.94569748
402,3.56439543
402,3.52170356
403,3.40315855
403,2.8701478
403,7.15669299
403,16.95021745
403,29.00692576
404,35.75341697
404,40.0737511
404,40.72872747
404,36.55644172
404,27.60211062
405,22.00831711
405,16.44151537
405,15.12899575
405,10.10751939
405,7.10913889
406,5.69513522
406,3.94718095
406,4.02454046
406,2.1249494
406,3.06251103
407,3.80203669
407,3.07521417
407,2.79826865
407,4.17689213
407,2.67572409
408,2.92518044
408,2.7874398
408,2.60831415
408,1.50366586
408,1.54091074
409,1.98550531
409,0.04994332
409,1.15198902
409,1.50008866
410,1.09387343
410,0.95766818
410,1.76777228
410,0.66704823
410,1.30281069
411,0.74236666
411,0.49204714
411,0.89465644
411,1.3553743
411,1.00872842
412,1.0457895
412,1.67674768
412,0.48950842
412,0.47021218
412,1.92226677
413,0.7368475
413,0.04931599
413,1.09973707
413,1.25279567
413,-1.02052883
414,0.64123182
414,0.08749115
414,0.6789204
414,0.67949197
414,-0.69491453
415,0.33544402
415,0.90857636
415,1.00463582
415,0.5457189
415,-0.40934335
416,0.87072135
416,-0.18015425
416,-0.00798276
416,-0.10381713
416,0.93110916
417,-0.69806418
417,0.4713493
417,0.66299585
417,0.60511543
418,1.08506337
418,0.58614056
418,1.06607659
418,0.95057695
418,0.93155143
419,0.39491955
419,0.75986501
419,1.31873167
419,-1.23945813
419,0.184714
420,0.16565392
420,0.82149437
420,0.31965044
420,0.4741783
420,-1.05070611
421,1.90063569
421,0.74460964
421,1.03387656
421,-0.43159897
421,1.72378965
422,0.22254031
422,-0.12329316
422,0.22252625
422,-0.1233576
422,0.03042893
423,0.77907907
423,0.10730579
423,0.01120325
423,0.45288209
423,-1.00786609
424,-0.29631648
424,1.6047063
424,0.41393372
424,1.50624418
424,0.20284278
425,0.45118699
425,0.69939338
425,1.10039872
425,0.64157572
425,0.94689512
426,0.08753128
426,0.1639208
426,0.0683253
426,-0.65615012
426,0.29708765
427,0.52513974
427,0.33469272
427,0.23929857
427,1.55145758
428,1.03673709
428,0.69398008
428,0.21941015
428,0.18121511
428,0.86349477
429,1.28009256
429,0.71036378
429,1.37009165
429,0.14308898
429,0.29370224
430,-0.06428414
430,0.51857902
430,0.68720372
430,0.57380533
430,0.123413
431,0.36652111
431,0.12294824
431,0.42128833
431,0.99909587
431,-0.78963989
432,0.27114281
432,-0.08196968
432,0.97459868
432,0.84261531
432,-0.15529601
433,0.41654305
433,0.56315709
433,0.17642588
433,0.5442513
433,0.56240798
434,-0.2647576
434,-0.22789117
434,-0.44738163
434,0.97950747
434,1.36394446
435,1.41773595
435,3.14892608
435,2.41789176
435,2.06705528
435,2.24759001
436,1.95173567
436,1.13564096
436,1.4064598
436,2.02072746
436,0.44439121
437,1.12862247
437,1.25433087
437,1.32404512
437,0.76494707
437,-0.29452705
438,1.37217027
438,0.4938504
438,0.52877634
438,0.0639407
438,-0.09651525
439,0.7417599
439,0.1174397
439,-0.0786622
439,-0.0252354
440,0.09932955
440,0.88295639
440,0.29523922
440,0.33091693
440,0.61497629
441,-0.07863963
441,-0.47066113
441,1.52416013
441,-0.02523344
441,0.34881382
442,0.82921743
442,0.98991188
442,1.41472906
442,0.40108052
442,-0.59338439
443,1.05753413
443,0.89739308
443,0.25864793
443,0.16997193
443,0.15230394
444,0.79154462
444,1.21909253
444,0.01035549
444,-0.14938602
444,1.69641001
445,-0.69933789
445,0.86286424
445,-0.6287318
445,-0.23838247
445,0.79260997
446,1.0412703
446,0.06372212
446,-0.41590845
446,0.90006287
446,0.17072186
447,0.74109119
447,1.40009319
447,1.16779082
447,-0.14979465
447,1.09417726
448,-0.22050829
448,0.77457428
448,-0.04290708
448,0.15252683
448,-0.00740659
449,-0.7719553
449,0.68651487
449,0.88339668
449,-0.13236972
449,0.04619212
450,-0.11484866
450,-0.0432408
450,0.35015212
450,-0.56194106
450,-0.25805676
451,0.24307611
451,0.70804607
451,-0.06102796
451,0.02825327
451,1.17096145
452,-0.22123073
452,0.11734495
452,0.70564469
452,0.02818501
452,0.45500169
453,0.64940043
453,0.52494755
453,0.18774751
453,-0.36218029
453,-0.50389239
454,-0.07813261
454,-0.53851411
454,0.45231662
454,0.36337225
454,-0.13093291
455,0.75083191
455,0.66292992
455,-0.64204283
455,1.3133162
455,0.92578796
456,0.09804974
456,-0.21775923
456,0.71089997
456,0.81547897
457,-0.70689067
457,0.55174046
457,0.42978403
457,0.60365085
457,1.00338457
458,0.42806477
458,0.46220297
458,0.41011663
458,0.6011199
458,-0.77137653
459,0.54715006
459,0.01009117
459,0.01007162
459,0.62997629
459,0.14762528
460,-0.57428483
460,0.13015668
460,0.48961753
460,0.26690357
460,-0.70717661
461,-0.27934832
461,1.13050707
461,0.0268736
461,0.78960113
461,0.36494066
462,0.11109423
462,0.86744745
462,0.89777502
462,-0.5764164
462,1.06131558
463,0.52684166
463,0.47632918
463,-0.10679479
463,0.05940106
463,0.70356873
464,0.30650303
464,-0.26994834
464,0.32129258
464,0.72933985
464,0.05836323
465,0.00947726
465,0.36547889
465,-0.50795067
465,0.5253514
465,0.23459198
466,0.23417567
466,0.0733705
466,0.80747826
466,0.0092749
466,0.34252259
467,-0.65537207
467,0.08792495
467,0.55870251
467,-0.49029274
467,0.05562972
468,0.88908264
468,0.33180738
468,0.10085978
468,0.63366394
468,0.67627826
469,0.08416316
469,0.44371142
469,0.33715286
469,0.26111667
469,0.00862699
470,-0.44803609
470,0.34598707
470,-0.03526782
470,0.57480872
470,0.48564806
471,0.13801926
471,0.09428426
471,-0.03440401
471,0.12160198
471,0.78400723
472,0.4704568
472,-0.39632182
472,-0.1724328
472,0.14609827
472,0.39218502
473,-0.30561629
473,0.14352784
473,0.60254029
473,0.55975494
473,0.58378382
474,0.07445614
474,-0.46975734
474,0.71913772
474,0.62348858
474,0.19034997
475,0.30559645
475,-0.36616285
475,0.22493797
475,0.74606676
475,0.17174141
476,0.13303057
476,0.33134878
476,0.66362261
476,-0.36266912
476,0.36214513
477,0.3955636
477,-0.69314551
477,0.28298005
477,-0.29134541
477,0.37388674
478,0.72569152
478,0.38135419
478,0.0533737
478,0.35415519
478,0.78849852
479,0.26925018
479,0.01796486
479,0.34449607
479,0.42114808
479,-0.28315629
480,0.33855887
480,-0.00457309
480,-0.01544919
480,-0.50399679
480,0.10350037
481,0.25306003
481,0.04892422
481,0.11245386
481,0.46103709
481,0.29032953
482,0.42497985
482,-0.18131207
482,0.36917717
482,0.00602462
482,0.37541368
483,-0.17756928
483,-0.00423153
483,0.30905752
483,-0.31558478
483,-0.54381909
484,0.35353413
484,0.36153071
484,0.15316367
484,0.26975788
484,-0.27668685
485,0.25763427
485,0.07313469
485,0.17840548
485,0.00557112
485,0.34765057
486,0.65921475
486,-0.12648894
486,0.10868396
486,-0.16292254
486,-0.5064879
487,-0.02237573
487,0.23568673
487,0.86870182
487,0.26138352
487,0.05081308
488,0.12330894
488,-0.14831005
488,0.20337665
488,-0.16531313
488,0.53304474
489,0.19245302
489,-0.24360247
489,0.0582814
489,0.36699766
489,0.02273818
490,0.0314531
490,0.5121401
490,-0.1168792
490,0.3435465
490,0.2647237
491,0.09128674
491,-0.13248143
491,-0.24377786
491,0.24453973
491,0.31203757
492,-0.0290499
492,0.38659975
492,0.24201613
492,0.15693228
492,0.27457826
493,0.21489891
493,0.44911474
493,-0.22946125
493,0.03826434
493,0.00485896
494,0.07958417
494,0.27808125
494,-0.25956915
494,-0.17657298
494,0.29252715
495,0.07859198
495,0.34057663
495,-0.19965285
495,-0.24017733
495,0.06988242
496,0.01287252
496,0.15897082
496,0.24776257
496,0.1341249
496,-0.08401739
497,0.12562075
497,0.06908728
497,0.27786799
497,0.46998808
497,0.14062564
498,0.3722513
498,0.00465273
498,-0.04312984
498,0.52933107
498,0.07608427
499,0.16313616
499,-0.19312432
499,0.41517669
499,0.20950192
499,0.26400155
500,0.17746992
500,0.28713079
500,0.2162268
500,0.30222034
500,0.02804152
501,0.33274206
501,0.21531791
501,-0.33866411
501,-0.29941929
501,-0.13549186
502,0.12890438
502,-0.21261117
502,0.47679193
502,0.21327521
502,0.17440511
503,0.35170056
503,-0.05720902
503,-0.17268644
503,0.40450028
503,0.18889217
504,0.38086845
504,-0.09529932
504,0.0889335
504,-0.0031962
504,-0.00319335
505,-0.12572453
505,-0.16389033
505,-0.17903508
505,-0.04140977
505,-0.13307045
506,-0.0108049
506,0.3246044
506,0.07296144
506,0.43039405
506,-0.10201046
507,-0.13228901
507,-0.07897581
507,-0.16992867
507,0.29200591
507,-0.05603267
508,-0.05601202
508,0.13283254
508,0.22339864
508,0.04967593
508,-0.28183095
509,-0.15371712
509,0.01191806
509,0.16256953
509,0.3953787
509,-0.01065643
510,0.13976117
510,-0.10832199
510,0.02690683
510,-0.06315181
510,0.19944717
510,-0.31839088
511,0.02687339
511,0.13931286
511,-0.28025904
511,-0.49004897
511,-0.04801278
512,0.34871196
512,-0.02556725
512,0.43828649
512,-0.26478361
512,0.29586439
513,-0.04048755
513,0.1761694
513,0.19848561
513,0.06407409
513,-0.38363843
514,0.46691596
514,0.06404025
514,-0.11496949
514,-0.02546338
514,0.28744386
515,0.13843702
515,-0.06265822
515,-0.345429
515,0.27968199
515,0.18286995
516,0.10848862
516,-0.04027714
516,0.24944501
516,-0.0030966
516,-0.1591757
517,0.1603801
517,-0.04026136
517,0.54702642
517,0.59890391
517,-0.17400681
518,-0.07740669
518,-0.05510189
518,0.21978115
518,-0.30012604
518,0.17511029
519,0.38292169
519,0.38299287
519,0.20461802
519,0.12297609
519,-0.30709829
520,0.37529818
520,0.00432676
520,0.28610308
520,0.46427454
520,0.03401574
521,0.03399058
521,0.33817275
521,-0.25535272
521,0.68701821
521,0.13787412
522,-0.12927326
522,0.14533193
522,0.16021937
522,0.16021766
522,0.30113453
523,-0.06250767
523,-0.23340882
523,-0.18139797
523,0.01176477
523,0.10101178
524,0.22750482
524,0.21264846
524,0.03409853
524,0.26480918
524,0.47337549
525,0.33971925
525,0.02669603
525,0.05645094
525,0.07879257
525,0.04901722
526,0.02665073
526,0.07872389
526,-0.11465743
526,-0.27823565
526,0.24220376
526,0.22739169
527,-0.12942847
527,-0.18137555
527,0.18285604
527,0.01922552
527,-0.33063933
528,0.07879601
528,-0.11484251
528,0.07893083
528,-0.12986463
528,-0.01056775
529,0.27312693
529,0.15370286
529,0.49014581
529,0.34058758
529,0.16877473
530,0.10899846
530,0.07167876
530,0.37087462
530,-0.00311635
530,0.13908542
531,0.16161785
531,0.10170085
531,0.07174976
531,-0.05556061
531,0.38672668
532,0.10187024
532,0.13198208
532,0.25224343
532,0.28227586
532,0.22984987
533,0.3576109
533,0.13215272
533,0.29773902
533,-0.13862877
533,0.65133202
534,0.50145778
534,-0.03326306
534,0.41124836
534,-0.01819846
534,-0.1614438
535,-0.0558811
535,0.30596903
535,0.4345533
535,-0.24443568
535,0.11003729
536,-0.16181095
536,0.29891195
536,0.04219677
536,0.21599344
536,0.05736746
537,0.04223173
537,-0.13190562
537,-0.0637779
537,0.37570515
537,0.1258176
538,0.0575528
538,0.27772228
538,0.12585342
538,-0.03351004
538,-0.21571607
538,-0.28434847
539,0.00443429
539,0.05764949
539,-0.20852564
539,0.12622576
539,0.24808159
540,-0.14030288
540,0.27857615
540,0.01207509
540,-0.04136642
540,-0.04902157
541,-0.07959954
541,0.37912024
541,0.02741257
541,0.04272892
541,-0.11037553
542,0.02744171
542,0.10403214
542,-0.05684494
542,0.0121411
542,-0.01852479
543,0.37260333
543,0.18084908
543,-0.02622377
543,0.31929216
543,0.24260634
544,0.15048053
544,0.11208482
544,0.05063076
544,0.18147815
544,0.09684749
545,0.22015187
545,-0.22654387
545,-0.26516795
545,0.3437277
545,-0.06485036
546,0.01222002
546,0.25905849
546,0.41356871
546,0.29024499
546,0.17447156
547,-0.03412414
547,0.04314838
547,0.55334385
547,0.24428323
547,0.14378194
547,-0.10391201
548,-0.32831655
548,0.34556975
548,-0.05752049
548,0.43894782
548,-0.1431033
549,0.18325204
549,0.01231004
549,0.11348987
549,-0.02660985
549,-0.08113902
550,-0.16701993
550,-0.05004027
550,0.25419062
550,0.0591692
550,0.32454795
551,-0.10464157
551,-0.003251
551,0.04360336
551,-0.10487943
551,0.26259526
552,0.09842614
552,-0.04235526
552,-0.09712326
552,-0.15980186
552,0.15328991
553,-0.05811076
553,-0.08955186
553,0.17735814
553,0.27146019
553,0.14597032
554,0.17734803
554,-0.05044604
554,-0.01900382
554,-0.01114798
554,0.06754106
555,-0.04268258
555,0.10705855
555,-0.2555313
555,-0.2398438
555,0.17042968
555,0.37551933
556,-0.16140566
556,0.54173466
556,0.53476778
556,-0.09832721
556,-0.10631602
557,0.00462316
557,0.3059723
557,0.05221568
557,0.22694257
557,0.20320224
558,0.12391496
558,-0.09866361
558,0.06827436
558,-0.10671268
558,-0.00331562
559,0.33910438
559,0.14803845
559,0.35517813
559,-0.26650878
559,0.10030239
560,0.10834875
560,0.10844642
560,-0.19507865
560,-0.28312222
560,-0.08336496
561,0.14078181
561,-0.00333806
561,-0.12352871
561,-0.12362992
561,0.44605471
562,-0.09973457
562,0.06896474
562,0.06894386
562,-0.41330594
562,0.53514002
562,0.22975046
563,-0.0194357
563,0.02883328
563,-0.03558341
563,0.29479847
563,0.09333281
564,-0.1485058
564,0.31113401
564,0.32763919
564,0.13402496
564,0.15030736
565,0.30411467
565,-0.00337258
565,0.37731977
565,0.06948413
565,0.00472946
566,0.14258894
566,0.00473135
566,-0.06834229
566,0.26480591
566,0.00474008
567,-0.2311325
567,-0.21501004
567,-0.12561851
567,0.16763897
567,0.42893038
568,-0.28883543
568,0.2742259
568,0.22552139
568,0.02930013
568,0.200978
568,-0.17522331
569,-0.20008533
569,0.05396252
569,0.52987493
569,0.32504733
569,-0.14313159
570,0.0377009
570,0.16945183
570,0.12827435
570,-0.09401306
570,-0.07764833
571,0.16162566
571,0.07907727
571,0.03783442
571,0.22779883
571,0.38500288
572,0.33572001
572,0.55940155
572,-0.07795452
572,-0.04490272
572,0.02143861
573,0.18736173
573,-0.12794793
573,0.14607505
573,-0.23630511
573,0.19603666
574,0.01317266
574,-0.35282399
574,0.07972123
574,0.43781707
574,0.08812216
574,-0.25344201
575,0.16328456
575,-0.45393758
575,-0.078575
575,0.24700032
575,0.1803645
576,0.40633178
576,-0.18770851
576,0.01327191
576,0.13066378
576,0.16430861
577,-0.14619884
577,0.41651186
577,-0.52496763
577,-0.12972193
577,0.1059441
578,0.15663922
578,-0.05408618
578,0.0976766
578,0.1653313
578,0.24131639
579,0.15709012
579,0.01339297
579,-0.0458791
579,0.1574033
579,0.1575107
580,0.13212357
580,-0.1223369
580,0.06439068
580,0.18333551
580,0.01345856
580,-0.13116384
581,-0.00354613
581,-0.28483606
581,-0.00355145
581,0.71341037
581,-0.24274952
582,-0.0292045
582,-0.37123851
582,0.05636637
582,0.15930656
582,0.07359401
583,0.02217102
583,0.24540444
583,-0.41584495
583,-0.14111633
583,0.11681464
584,-0.01219021
584,0.09112649
584,0.22902345
584,0.14290468
584,-0.24503104
585,0.01366177
585,0.40235691
585,0.03098287
585,-0.04682551
585,0.21273269
585,-0.09012674
586,0.17815759
586,-0.27230126
586,0.45612099
586,0.10926784
586,-0.03835113
587,0.23971502
587,-0.10791356
587,-0.14282879
587,-0.25608953
587,-0.16910601
588,-0.1693478
588,0.07491258
588,0.28453575
588,-0.11724103
588,-0.07358428
589,-0.02993464
589,0.16282934
589,0.01388441
589,0.18938677
589,0.16319177
590,-0.16192116
590,-0.28512025
590,-0.03890653
590,0.24310814
590,0.12865415
590,0.34948995
591,0.26990633
591,-0.41892686
591,0.32343122
591,0.08475127
591,0.05829574
592,0.25299535
592,0.30648475
592,0.01402824
592,0.19142415
592,-0.1811662
593,0.12944466
593,-0.19919331
593,-0.27064444
593,0.24567475
593,0.41515534
594,-0.28914897
594,0.22858356
594,0.38961489
594,0.11265281
594,0.24703463
595,0.39956614
595,-0.05759654
595,-0.26426889
595,0.17595922
595,-0.06670993
595,-0.69694854
596,-0.21995738
596,0.06835131
596,-0.08491697
596,-0.13921748
596,0.58353876
597,-0.24798624
597,0.0776581
597,0.26800619
597,-0.51143057
597,0.13220873
598,0.35003247
598,0.14138758
598,0.06886704
598,-0.19464719
598,0.11433278
599,-0.11295004
599,0.29654874
599,0.05994803
599,-0.14040712
599,0.06003322
599,-0.19550752
600,0.25201909
600,0.27051586
600,0.15167233
600,0.21600666
600,0.31683259
601,-0.06796103
601,-0.11381712
601,0.49172663
601,0.15221063
601,0.0604339
602,0.2166293
602,-0.01302264
602,-0.27996183
602,-0.16050763
602,0.0698574
603,0.18993435
603,0.01462411
603,-0.00385388
603,0.25524574
603,0.24636103
603,0.49692219
604,-0.11529927
604,0.37707451
604,0.5818661
604,-0.18985912
604,-0.24599792
605,0.1731189
605,0.38765168
605,0.35061589
605,-0.53621101
605,0.22028569
606,0.04285673
606,0.14579921
606,0.07099288
606,0.15536502
606,-0.18208985
607,0.09929597
607,-0.5016043
607,0.23128962
607,0.27832505
607,-0.20163282
608,-0.14525662
608,0.29786279
608,0.05270311
608,0.39311437
608,0.27033644
608,-0.06074654
609,-0.18402246
609,-0.07981612
609,0.18570131
609,0.3949307
609,-0.28910302
610,0.07213605
610,-0.12774595
610,-0.45184743
610,0.51090748
610,0.68331427
611,-0.16648668
611,0.27338059
611,-0.29109778
611,0.30243015
611,0.3122635
611,0.26462683
612,-0.17674209
612,-0.15769576
612,-0.22512058
612,0.10181229
612,0.00561462
613,0.16947467
613,-0.39940719
613,-0.49646821
613,0.38274445
613,0.17985219
614,-0.0427675
614,0.09294628
614,-0.2662307
614,-0.53851158
614,0.03485617
615,0.06412567
615,0.40513939
615,-0.01382741
615,0.19125697
615,-0.5613963
615,-0.31736374
616,0.15279321
616,0.27081365
616,0.10393757
616,-0.26973148
616,-0.2897357
617,0.0254866
617,0.0452497
617,0.05517367
617,0.21356749
617,0.03546583
618,0.25330703
618,0.04538616
618,0.51087792
618,0.3128482
618,-0.15269752
619,0.19413307
619,-0.00412786
619,0.06525589
619,0.08505351
619,-0.11315859
619,-0.39088326
620,-0.09335437
620,0.29357754
620,-0.13315628
620,-0.33189732
620,0.30383833
621,-0.17294648
621,0.13489625
621,-0.08356332
621,-0.05376021
621,0.26377731
622,0.20425526
622,0.3728579
622,0.08512994
622,0.61056589
622,-0.40071104
623,-0.51911603
623,-0.26152847
623,0.29290039
623,-0.43973471
623,0.36221983
623,-0.25164245
624,0.23336352
624,0.33228132
624,0.08488393
624,0.31233914
624,0.29236939
625,0.10468291
625,0.39155549
625,-0.29087954
625,0.38131269
625,-0.20177821
626,0.65801988
626,0.59843198
626,-0.05353258
626,0.33159087
626,0.38105732
626,-0.55706495
627,-0.07316566
627,-0.02384527
627,-0.12253424
627,-0.33973948
627,0.57842313
628,0.2623445
628,-0.22144338
628,0.22301541
628,-0.32037507
628,0.05519756
629,0.37164762
629,0.41149003
629,0.17391383
629,0.26288466
629,-0.00412289
630,0.1344522
630,0.11464557
630,0.19385784
630,-0.13286548
630,-0.0338515
630,-0.75725242
631,-0.31142886
631,-0.17273108
631,0.22401144
631,-0.06373437
631,0.22428526
632,-0.05381402
632,-0.43173234
632,0.41347458
632,-0.0240396
632,0.16509249
633,-0.30290583
633,-0.07389916
633,-0.08388619
633,-0.06402621
633,0.5247061
633,0.19553683
634,0.25557876
634,0.1058632
634,-0.06424547
634,-0.37492381
634,0.00584953
635,-0.46568307
635,-0.22516113
635,-0.16512739
635,-0.19554652
635,0.36874712
636,0.41966752
636,0.1776822
636,-0.11546372
636,-0.1155874
636,0.22900855
636,0.25977739
637,0.42289215
637,0.20951587
637,-0.27952456
637,-0.26953377
637,-0.2903269
638,-0.55654557
638,-0.55715792
638,-0.00427145
638,0.24214538
638,-0.07619513
639,0.16028361
639,0.38713666
639,0.33600842
639,-0.22098548
639,-0.0353136
639,-0.22163868
640,-0.33608368
640,0.29671417
640,0.14119169
640,-0.07718603
640,0.40230117
641,0.4235898
641,-0.51614052
641,0.10027607
641,-0.07768089
641,0.81372457
642,0.09013628
642,-0.26715356
642,0.10085319
642,0.01668894
642,0.33343835
642,-0.20527317
643,0.01676115
643,-0.08931897
643,0.2292944
643,0.09130393
643,-0.01508883
644,-0.53787926
644,0.17715076
644,0.18812192
644,-0.01517525
644,0.02769288
645,0.68225185
645,-0.72449711
645,0.44757416
645,0.00628857
645,-0.22042993
645,-0.05855054
646,-0.0586255
646,0.36412
646,0.01719479
646,0.15863569
646,-0.03724641
647,-0.14652404
647,-0.02644135
647,0.14863474
647,-0.03744858
647,-0.03752686
648,0.18235334
648,-0.2028581
648,0.50278634
648,-0.41323257
648,0.27179594
648,-0.4916123
649,0.03970766
649,-0.07117203
649,0.36211951
649,-0.32730005
649,-0.03806105
650,-0.35064444
650,0.30809769
650,-0.27302841
650,0.45431221
650,-0.02708659
651,0.43282265
651,0.09641204
651,-0.26341034
651,-0.26387102
651,0.108129
651,-0.51317734
652,0.50418563
652,-0.0160475
652,0.23335821
652,-0.32260515
652,0.211208
653,0.04081445
653,-0.13022387
653,0.07514547
653,0.57816354
653,-0.03909461
654,-0.29119757
654,0.04110601
654,-0.45269986
654,0.72034175
654,-0.25828125
654,-0.42010571
655,0.19141266
655,-0.25910303
655,0.42367052
655,0.15739285
655,-0.06285181
656,-0.02807144
656,0.36756616
656,0.05337457
656,0.53144242
656,-0.67064377
657,-0.12188726
657,0.0771527
657,0.17116881
657,0.01860238
657,0.00686288
657,0.16011298
658,-0.42958914
658,0.03050368
658,-0.07591908
658,-0.47894987
658,-0.14730436
659,0.50577027
659,0.04260526
659,-0.12393304
659,0.55509551
659,0.98594789
659,0.03086348
660,0.36605206
660,0.18677258
660,-0.17303329
660,0.30722688
660,0.22332984
661,0.19957125
661,-0.0411775
661,0.11569119
661,-0.56084658
661,0.35780527
662,0.12822103
662,0.28599167
662,0.31060506
662,0.35955347
662,-0.07817813
662,-0.11486478
663,0.27580779
663,0.50846442
663,-0.78895637
663,-0.34869111
663,-0.43504379
664,-0.45996668
664,0.290385
664,0.6976018
664,-0.14095281
664,0.42719595
665,0.50238818
665,0.27977718
665,0.40440953
665,0.08174452
665,-0.24144672
665,0.3808846
666,-0.21726805
666,-0.50460753
666,-0.1802452
666,0.18271014
666,0.34588626
667,0.61012636
667,0.08279595
667,-0.03041805
667,-0.72395828
667,-0.06833565
667,0.13374251
668,0.4880208
668,-0.58830146
668,0.22311625
668,0.22332599
668,0.43991811
669,0.37668061
669,-0.54108322
669,-0.20968242
669,-0.4658289
669,-0.03096247
670,-0.08228812
670,-0.1081059
670,0.05895373
670,-0.32734823
670,0.22673011
670,-0.23785525
671,-0.19932772
671,0.38286663
671,-0.26461253
671,0.09843024
671,0.46278412
672,0.89281505
672,0.28159619
672,0.45154421
672,0.0860885
672,0.21713457
672,-0.12343612
673,-0.24178603
673,0.12598116
673,0.06034366
673,-0.63826758
673,-0.29566511
674,-0.53419998
674,-0.45548067
674,0.19328587
674,0.1671426
674,-0.27153775
675,0.11436775
675,0.68816809
675,-0.03230387
675,-0.48731924
675,0.08818308
675,-0.38133195
676,0.14225989
676,-0.16703532
676,-0.71945471
676,0.50692933
676,-0.15414467
677,-0.4112609
677,0.3059132
677,0.11644978
677,0.15738515
677,-0.22353936
677,-0.19659679
678,0.39026191
678,0.2130857
678,0.03539455
678,0.17255146
678,-0.77547394
679,0.51729203
679,0.09068785
679,0.15982259
679,0.25712148
679,-0.1581361
679,0.10519186
680,0.11922837
680,0.11946777
680,-0.41009243
680,0.67882414
680,-0.24365238
681,-0.58034579
681,-0.10426772
681,0.13492208
681,0.10686555
681,0.34715029
682,0.12137777
682,-0.64346953
682,-0.03428426
682,0.32090162
682,-0.3473102
682,0.76390297
683,-0.39156909
683,0.13705355
683,0.48090081
683,-0.45073376
683,0.02274775
684,-0.03480153
684,-0.49651956
684,0.77471668
684,-0.3101639
684,-0.41259802
684,0.08111361
685,-0.18075897
685,-0.35592206
685,-0.5465764
685,-0.16695763
685,0.22847426
686,0.00855945
686,-0.34405287
686,-0.4917235
686,0.08230285
686,-0.43410047
686,-0.56802197
687,-0.39147469
687,0.05320695
687,0.67812902
687,0.05343362
687,-0.57379384
688,-0.21578295
688,-0.08124193
688,-0.15653272
688,0.46049964
688,0.11438001
689,0.02393845
689,-0.14254694
689,-0.09728354
689,0.4340881
689,-0.23460921
689,-0.58533611
690,-0.00636154
690,0.26898704
690,0.16216919
690,0.22402655
690,-0.09877636
691,-0.20687238
691,0.0862686
691,-0.67176882
691,-0.40932617
691,-0.19272629
691,-0.44207223
692,0.46095791
692,0.72717111
692,0.02475941
692,0.25970006
692,0.38572367
693,0.08779851
693,-0.19558276
693,0.30920647
693,0.10417306
693,0.81727053
693,-0.3557611
694,0.48645879
694,-0.50082751
694,0.48856031
694,-0.63062665
694,-1.00046746
695,-0.3277559
695,1.00671357
695,-1.05451602
695,-0.08742334
695,0.05799066
695,-0.86578402
696,-0.6240171
696,-0.18570938
696,-0.39793845
696,0.56465751
696,-1.21759991
697,0.61629349
697,-0.31896999
697,0.17416138
697,-0.08937116
697,0.48891558
697,0.19185841
698,-0.00691104
698,-0.22298165
698,-0.42320846
698,-0.47417809
698,0.71170961
699,0.31121158
699,0.12725246
699,-0.52810057
699,0.58228116
699,-0.1251092
699,-0.48004273
700,0.34853429
700,-0.83804008
700,0.0438947
700,-0.6709376
700,0.04406906
701,0.47110685
701,0.60898757
701,-0.05860469
701,0.01002797
701,-0.29998221
701,-0.12806304
702,-0.92401007
702,-0.33655057
702,0.21848647
702,-0.0420478
702,-0.56522269
703,0.20241763
703,-1.16252619
703,0.3782905
703,0.7653052
703,0.04544826
703,0.15126753
704,0.13389153
704,0.20500568
704,-0.59274965
704,-0.78918512
704,0.27737678
705,-0.27494922
705,-0.16831
705,0.10002255
705,0.04637718
705,-0.42118995
705,-0.65637876
706,0.78716163
706,-0.47798176
706,0.02871275
706,0.51950745
706,0.5934082
707,0.44872888
707,0.97964168
707,0.65182614
707,0.6164046
707,-0.3204387
707,-0.46855732
708,0.39887433
708,0.52916097
708,0.02935421
708,-0.11926708
708,0.47642495
709,0.25351231
709,-0.02649747
709,-0.38257015
709,-1.09720782
709,-0.6099544
709,0.14302161
710,1.29564011
710,0.50349135
710,-0.84332796
710,-1.32029998
710,-0.5606005
711,1.08070971
711,-0.71645395
711,-0.10400944
711,-0.21974408
711,-0.37452807
711,0.47507954
712,-0.51149219
712,-0.55155003
712,0.40031962
712,0.49871357
712,-0.88737338
713,0.26596683
713,0.24682005
713,0.0704505
713,0.03118767
713,-0.22535891
713,-0.60185493
714,0.52746894
714,0.01159611
714,-0.76530497
714,0.51070029
714,-0.36833431
715,0.25218711
715,0.39348673
715,0.23305723
715,0.6773626
715,-0.29147589
715,0.4777962
716,-0.27232972
716,0.94751305
716,-0.41653175
716,-0.13124649
716,-0.80840037
717,0.01198922
717,0.67110764
717,0.38392757
717,-1.62348923
717,0.4898514
717,0.57448167
718,0.72211652
718,0.36820081
718,-0.21868433
718,1.10666988
718,0.60337705
719,-0.11473934
719,0.24599594
719,0.41716233
719,0.01245837
719,0.24791618
719,0.29148671
720,-0.46130039
720,0.01260166
720,-0.48564531
720,-0.85648215
720,1.123232
721,-0.33646606
721,-0.03100941
721,-0.93060604
721,0.36483185
721,-0.51637174
721,0.41094105
722,-0.56326219
722,-0.0092513
722,-0.09825754
722,0.12454838
722,-1.06082141
723,-0.70468591
723,0.59758111
723,-1.1585979
723,0.57798038
723,-0.77949448
723,0.26295034
724,1.26458083
724,-0.12357163
724,0.2192478
724,0.49453378
724,-0.85934176
724,0.70360136
725,0.31337975
725,0.4529654
725,0.7317408
725,0.17608673
725,0.19973887
726,0.82985735
726,0.10708743
726,0.10724904
726,0.10749191
726,0.38970337
726,0.15507071
727,-0.55263147
727,0.65237546
727,0.15606498
727,-0.31887129
727,1.10955436
728,-0.1054195
728,0.54029168
728,0.37410036
728,1.52970963
728,-0.54032768
728,-0.61421252
729,-0.25231707
729,-0.32571626
729,0.64678543
729,-0.9852897
729,0.50310316
730,-0.05917142
730,1.14336546
730,-0.6005319
730,-0.03490128
730,0.43427057
730,0.18761677
731,-0.2085571
731,-0.28353874
731,-0.60732292
731,0.93748898
731,0.06455062
732,1.568377
732,0.64274819
732,1.22156055
732,0.74598837
732,0.77273689
732,1.63625906
733,-1.12927456
733,0.88133931
733,-0.52209071
733,0.1942426
733,0.29753385
733,-0.39692931
734,0.16994591
734,0.11869592
734,-0.19254783
734,-0.87020178
734,-0.48083973
735,0.48642263
735,0.64461372
735,-1.43127444
735,0.83253966
735,-0.22240964
735,-1.62730115
736,0.46701265
736,0.14862925
736,-0.78503772
736,0.60428843
736,-0.22565263
737,-0.01119699
737,-0.01123077
737,0.55596594
737,0.47654398
737,1.21100198
737,1.43171676
738,1.92583873
738,2.26009604
738,-0.06627545
738,1.52740605
738,-0.48019313
738,0.8721758
739,1.04053337
739,-0.51044771
739,0.3492389
739,1.74025643
739,0.35044863
740,-0.23449051
740,-1.90855217
740,-0.12341975
740,-0.31925232
740,0.43625116
740,-0.15188619
741,0.40889506
741,0.91524903
741,0.88787455
741,-0.09609119
741,0.94437221
742,-0.15252789
742,0.26989562
742,1.25594625
742,-0.71653382
742,-0.68801265
742,1.00229611
743,-0.68834627
743,-1.05448568
743,0.29833176
743,-1.22419105
743,-0.54755417
743,-1.90168114
744,1.08811305
744,0.2421532
744,-0.09635095
744,0.38292609
744,-0.49097687
745,0.32638352
745,-1.0547244
745,1.42577982
745,0.38311299
745,-0.8878208
745,0.63922669
746,-0.94707111
746,1.26605013
746,0.55692029
746,-0.01187279
746,0.87272815
747,-0.32626738
747,-0.26947763
747,-1.7024749
747,-0.72867222
747,-0.58544106
747,0.50403912
748,-0.81476808
748,0.44644627
748,-0.64248469
748,-0.21250276
748,-0.87113903
748,-0.15509082
749,1.73313234
749,0.50251618
749,0.67394589
749,1.58727018
749,1.87153199
750,0.24491592
750,0.67238408
750,1.32740629
750,1.95418647
750,2.03944884
750,1.04276265
751,0.92942168
751,1.07322628
751,2.10170955
751,0.24536538
751,-0.26943308
751,1.16225612
752,0.16007659
752,-0.64316513
752,-0.27035039
752,0.21816306
752,2.03220984
753,-0.58863854
753,0.39209659
753,0.53734724
753,-0.15673517
753,0.39377071
753,0.48144254
754,-0.53552056
754,-1.08951436
754,1.62158081
754,-0.18732974
754,0.22177845
754,0.69080214
755,-0.5991641
755,-0.04163639
755,0.63590583
755,0.13529277
755,-0.86994867
756,-0.51614227
756,-0.8141963
756,-0.54812942
756,-0.84798099
756,-1.77579796
756,-1.71970652
757,0.10752516
757,-0.37343972
757,-0.04272515
757,0.89460585
757,0.71454849
758,-0.46848388
758,-0.04316219
758,-0.71510322
758,-0.07402274
758,-0.10501278
758,0.54201774
759,0.48181395
759,-1.47136475
759,-2.25171733
759,-0.10653069
759,0.80014513
759,-0.29550751
760,-0.32824909
760,1.28275619
760,-0.93251192
760,-0.71291765
760,0.01860096
761,0.6900819
761,1.30071829
761,-0.27070433
761,-0.01344099
761,-1.50264822
761,-0.0135328
762,-1.02309847
762,1.9138341
762,1.85413626
762,3.27359129
762,5.16605768
762,3.95882941
763,3.70486814
763,2.65303604
763,2.62882562
763,1.89911436
763,2.10736124
764,2.31761561
764,1.91870042
764,0.53031356
764,0.19068136
764,-0.01428325
764,2.01568429
765,-0.94749097
765,0.71351706
765,1.37652711
765,-1.16669413
765,-1.48648805
765,-0.33127118
766,-0.54453964
766,1.08451684
766,-0.90458888
766,-1.87290636
766,0.37983574
766,-0.66317633
767,-0.41287862
767,-1.72160851
767,-0.70780029
767,-1.07560479
767,0.2782572
768,0.13204197
768,0.53952387
768,1.8042694
768,0.46908316
768,2.19156663
768,0.32251697
769,0.0219961
769,-0.58361737
769,-1.30730436
769,-0.66470748
769,-0.43732401
769,-1.24617853
770,-1.05741692
770,0.37120835
770,0.25602871
770,-2.12403032
770,-1.8577385
771,0.10159516
771,-0.41105573
771,1.21150176
771,0.61933964
771,1.22054232
771,0.66448065
772,2.47792059
772,1.55782388
772,2.29349137
772,-0.09833182
772,-3.03850057
772,1.04896591
773,0.72437763
773,1.26473441
773,0.97904215
773,1.14988635
773,-2.86319646
774,0.90609928
774,-0.64991412
774,0.02467904
774,-1.33424873
774,0.36597981
774,-1.98652955
775,0.58312348
775,2.30869378
775,-0.8398653
775,0.89275796
775,1.02688568
775,2.95679886
776,0.9474832
776,-0.1947536
776,-0.10699032
776,-1.12957721
776,-1.04475084
776,0.4292709
777,0.65595409
777,-2.00558009
777,-1.83264915
777,1.20980055
777,1.25919327
778,-0.34012391
778,0.02683187
778,-0.61939723
778,-0.39017463
778,-0.53134034
778,-0.06616973
779,0.68410439
779,-0.34931183
779,3.71559245
779,-0.58942042
779,-1.97397695
779,-0.92863718
780,0.65200519
780,0.94390741
780,0.12495308
780,-3.66242545
780,0.85743349
781,1.15444671
781,1.69936344
781,2.34724231
781,-0.21873516
781,-0.91519052
781,-1.66654532
782,1.78233121
782,-0.67449219
782,2.65253362
782,0.9906955
782,0.08040831
782,0.74268827
783,1.30784552
783,-1.45847109
783,-1.30893728
783,-0.84923417
783,-2.20223081
783,-0.64703891
784,-0.17878193
784,-2.01826823
784,0.76944267
784,-0.8692625
784,-0.28817263
785,-0.34285708
785,3.41010913
785,-0.77622815
785,1.76197898
785,0.1402805
785,0.74004349
786,1.56329526
786,-0.79132515
786,3.17486008
786,-2.95511373
786,-1.02214301
786,-1.13642377
787,-0.69377326
787,0.31319559
787,0.42660371
787,0.65397937
787,-0.87385855
787,-0.30802117
788,0.31886839
788,-1.11293193
788,-0.65712084
788,1.65210754
788,1.42613097
789,-2.70275152
789,1.08646413
789,-0.31780043
789,-1.85034426
789,-2.74352803
789,2.94294476
790,-0.44167614
790,-0.38310319
790,1.53358841
790,3.94523347
790,-1.47507679
790,-0.32830885
791,-0.39018653
791,2.2940839
791,-3.58121356
791,3.23744905
791,-1.44712753
791,2.95270646
792,0.34797743
792,-3.65285406
792,1.04122025
792,3.5012284
792,1.68095248
792,1.3702057
793,0.35583108
793,4.76843656
793,-0.47586838
793,3.0010492
793,-1.06132217
794,-0.15687235
794,1.92787349
794,-0.74642449
794,2.0711844
794,1.35575352
794,-0.95305917
795,-0.02766725
795,-0.22773002
795,0.70834766
795,1.51698494
795,-0.29791417
795,-0.7727335
796,0.44737382
796,-0.64270694
796,-0.8513125
796,3.8953846
796,1.28447551
796,0.52621489
797,2.48029638
797,1.30020788
797,0.60279272
797,-0.09982586
797,-1.79871433
798,-3.08402569
798,2.03625181
798,2.54527739
798,2.76953459
798,1.33927071
798,-1.33128114
799,-2.49573419
799,-2.57717571
799,-0.10349017
799,-0.83747638
799,1.88363766
799,1.89096697
800,0.48884123
800,2.72838141
800,2.9631134
800,-0.33197751
800,2.53558375
800,5.19936796
801,2.86148637
801,-0.10830023
801,-2.56611563
801,-0.80280676
801,1.05183293
801,1.2113575
802,-1.35834368
802,2.47460236
802,2.48167685
802,1.8596568
802,0.83796589
803,-0.19221454
803,-0.91192598
803,0.68824913
803,-2.36863826
803,1.50118725
803,0.29068635
804,-1.74557768
804,1.27435753
804,-2.7450943
804,0.87307637
804,-2.43709
804,-4.02623073
805,-2.28722447
805,-0.20233733
805,-1.54799131
805,-2.14748475
805,-1.64745209
805,-1.48255384
806,1.33154599
806,-2.60704346
806,-0.63861279
806,2.47137422
806,1.00557514
806,-0.12357205
807,-2.48744239
807,0.40271826
807,-1.27028365
807,-2.24746115
807,0.31829
807,-1.73099268
808,-1.02285872
808,-0.57667949
808,-2.47264248
808,2.04422209
808,0.68905691
809,-3.96357303
809,1.06240778
809,1.25061025
809,4.67573624
809,0.23957621
809,-0.69156899
810,3.05159941
810,4.10247029
810,4.78133784
810,6.79226049
810,4.14923881
810,1.7764132
811,6.96540556
811,0.44203132
811,1.22002017
811,4.7335738
811,6.12631938
811,0.15562817
812,3.1159393
812,-0.23951842
812,-4.62366477
812,1.95969927
812,1.56591791
812,1.06797438
813,5.23031334
813,0.97473776
813,5.16154762
813,-1.78263422
813,1.39712617
813,-0.76577228
814,-0.87200042
814,2.55757724
814,-3.59468159
814,-4.44901578
814,-1.62351676
814,-2.26564155
815,4.20342663
815,8.71024008
815,1.88495532
815,-3.59622552
815,4.82137892
816,-5.37111975
816,6.28008335
816,-2.01816217
816,0.83530229
816,1.39183585
816,-1.60012002
817,-1.83125182
817,0.40116225
817,-2.86174709
817,0.63125613
817,-0.27472133
817,-3.1281997
818,6.25829871
818,-3.61787277
818,0.87646691
818,1.80989664
818,2.63579191
818,10.25512468
819,5.24559994
819,0.06882618
819,3.38606584
819,-1.83154856
819,1.50166278
819,2.70802275
820,7.05342926
820,0.31258855
820,1.52835505
820,-0.29487598
820,4.11764197
820,3.02738342
821,-3.88836945
821,7.41252827
821,0.44797049
821,1.20401032
821,-3.7122598
821,-0.68734447
822,-2.22010619
822,0.84327894
822,4.31971367
822,0.72202248
822,7.3529495
822,5.9509752
823,-0.70980248
823,1.26204795
823,1.531271
823,1.53840987
823,-2.45450904
824,2.08657176
824,3.97881763
824,7.36617396
824,-2.63476827
824,-1.69212445
824,1.72170435
825,-0.60735798
825,2.56734333
825,-3.53037773
825,1.75459169
825,-6.08528444
825,0.64476415
826,6.72464106
826,0.65135598
826,-3.6240582
826,-4.64483105
826,3.68178448
826,-0.78312003
827,2.98690826
827,4.6017319
827,1.25875235
827,0.2333272
827,4.9737308
827,-4.82388546
828,3.07728307
828,-1.41533808
828,-4.28708274
828,5.70192836
828,-1.13083212
828,-7.57560591
829,8.86705862
829,0.09017213
829,-4.10465753
829,2.43165438
829,3.85451166
829,0.56439811
830,2.78164052
830,2.16040728
830,9.04397979
830,7.96700913
830,3.00304471
830,3.18119886
831,-2.02503259
831,8.27556447
831,-1.38418273
831,2.07915857
831,8.40344803
831,-3.90870602
832,3.62092148
832,-2.26005729
832,5.68503304
832,2.13661798
832,-4.51079334
832,-1.10145081
833,-4.04105621
833,7.55804851
833,-3.91140918
833,4.84060751
833,-3.59761643
833,3.29221957
834,2.24123585
834,0.99908582
834,-0.61418318
834,0.46693544
834,2.82914633
834,3.57535987
835,-1.91248988
835,0.47623993
835,-3.77960459
835,-2.12816738
835,0.48336645
836,-7.23098797
836,3.51597354
836,-5.60312548
836,-1.03473639
836,1.84122388
836,-10.13467752
837,5.35303794
837,3.4300248
837,8.35062229
837,4.2477011
837,1.30367978
837,-9.02569757
838,1.51383954
838,10.3533175
838,10.01798981
838,-14.69535155
838,5.01098421
838,0.9398937
839,3.41809439
839,9.43534739
839,-6.95682797
839,-2.59834148
839,-10.19095679
839,10.91683532
840,-3.91430614
840,-4.57458561
840,3.56204921
840,3.14961089
840,7.51760913
840,18.71417792
841,-2.07233736
841,-2.74765556
841,7.69575629
841,-2.77610461
841,-11.78253469
841,6.46404587
842,13.76685492
842,1.2759583
842,1.51146125
842,-4.01635219
842,-6.35989437
842,3.8661376
843,11.16271686
843,1.07990267
843,-6.73651192
843,1.09346228
843,-5.8587725
843,7.39209907
844,4.51899262
844,2.58864701
844,-0.10262776
844,4.59774876
844,-1.59624309
844,-11.36176245
845,0.14694527
845,0.65470793
845,-0.61571197
845,-2.15482941
845,3.23374241
845,-0.10768783
846,0.41132053
846,-2.19893967
846,3.83307319
846,-4.34153328
846,-1.9725568
846,-4.92141885
847,1.23161896
847,-12.25723075
847,7.76283036
847,-0.38743078
847,0.98484789
847,-7.02859647
848,0.71849661
848,13.30938773
848,-0.3986194
848,-2.66197424
848,-1.82445684
848,3.02624814
849,3.62167005
849,-6.19921731
849,0.46119204
849,-1.29475478
849,4.60025647
849,-17.0373425
850,5.552424
850,-6.12888749
850,10.45666898
850,3.22288851
850,0.79305359
850,4.20132084
851,-24.71885343
851,21.76539216
851,-2.33231733
851,-2.03010406
851,10.68371878
851,13.29604547
852,-7.86881259
852,-6.61578342
852,3.77620482
852,-5.37589316
852,1.1810536
852,1.51983159
853,14.89377635
853,-1.82309859
853,-15.39419061
853,15.2456966
853,9.85222927
853,-16.07471825
854,1.24968369
854,4.06657901
854,-18.89940414
854,-5.49019972
854,-15.92352583
854,8.8782081
855,6.75416562
855,-9.29608231
855,3.52851353
855,5.40873599
855,-4.64987308
855,-1.66659853
856,-22.96744398
856,5.21058021
856,-10.19468822
856,-2.10339724
856,3.35771525
856,-7.63332755
857,1.41682069
857,6.19057171
857,4.62823171
857,5.85550861
857,18.0139897
857,-9.52340407
858,-7.11482321
858,1.88531904
858,22.23143038
858,-13.53343527
858,-6.07964076
858,5.35277335
859,25.11097387
859,4.13119166
859,-11.90557569
859,12.07216536
859,-23.53674811
859,5.14753836
860,-0.18649029
860,-13.26913972
860,2.08245526
860,-11.60917622
860,-7.0984951
860,20.74258348
861,-23.20430409
861,2.16738735
861,-9.25242082
861,14.68603033
861,17.20292532
861,15.38469728
862,-14.44184266
862,8.21767728
862,-12.7187729
862,-6.74836589
862,-3.75343052
862,8.96367266
863,-3.30288089
863,-1.76903497
863,24.33873646
863,9.79281925
863,-18.27921305
863,-24.83047498
864,-11.51251119
864,15.471241
864,9.6043965
864,6.35954887
864,10.85003704
864,-10.29469933
864,-11.53175256
865,-16.13878649
865,16.34748974
865,-22.77522763
865,-2.57493028
865,-23.2098189
865,-17.50097049
866,-0.24992276
866,7.01930194
866,37.06493553
866,-10.73055342
866,13.41231913
866,10.41586293
867,-21.14405946
867,-14.96860733
867,27.37247052
867,3.61443028
867,23.8738513
867,1.04305624
868,25.66513804
868,-13.03319911
868,3.78222952
868,12.01263722
868,23.13885043
868,19.92073464
869,8.80330276
869,-18.71421891
869,-20.37431293
869,-13.32051977
869,21.63022099
869,15.17833811
870,20.55006897
870,19.94370779
870,-6.37195158
870,-7.96432268
870,27.42329759
870,-2.66453887
871,-5.04699153
871,-39.10827951
871,-29.12667979
871,29.52273294
871,2.11099278
871,6.23354917
872,-22.1251134
872,-24.89634442
872,-9.77861443
872,64.75904422
872,-20.4999853
872,-19.82174562
873,0.5206627
873,38.32123964
873,8.7152344
873,-50.84101259
873,21.85026703
873,17.26002709
874,-14.48964254
874,3.39803384
874,-66.31204031
874,-11.06857109
874,21.23747629
874,-21.36981473
875,24.85347268
875,39.47213678
875,-12.89867943
875,47.98735739
875,9.14272253
875,40.43016949
875,-82.15442701
876,-5.98242098
876,-24.98521173
876,-17.35371815
876,36.09539356
876,-2.78482806
876,-63.34460751
877,-21.5611073
877,17.35627246
877,-64.34614339
877,55.48367902
877,26.5897922
877,-5.51660133
878,14.68427999
878,4.58991434
878,-34.39424899
878,2.09435058
878,54.63597529
878,36.26506734
879,-4.68756845
879,-53.41212248
879,-51.42630345
879,-16.33810972
879,-17.98190802
879,-15.19279235
880,46.51739704
880,24.57247017
880,26.47097743
880,31.30405183
880,61.00097994
880,-11.66412661
881,-15.09899282
881,48.26970758
881,-5.63287248
881,-29.08451636
881,26.55925701
881,-111.7080643
882,41.29186664
882,-0.73597147
882,-56.19688092
882,77.22460154
882,66.84597655
882,41.64392938
883,79.14190381
883,-19.77255577
883,37.74639797
883,30.45305777
883,17.03052258
883,-18.60742833
883,-22.61782174
884,-50.37273815
884,-28.54011606
884,-28.53396119